Administrador@light.
Administrator@co3064164-a.
Administrator@co3064164-a.rochd1.qld.optushome.com.au
Administrator@fred.
Administrator@w2k.
Greg@greg-laptop.
Miguel@light.local
Sinisa@sinisa.nasamreza.org
WAX@sergbook.mysql.com
acurtis@ltantony.rdg.cyberkinetica.homeunix.net
acurtis@pcgem.rdg.cyberkinetica.com
acurtis@xiphis.org
administrador@light.hegel.local
ahlentz@co3064164-a.rochd1.qld.optusnet.com.au
akishkin@work.mysql.com
anjuta@arthur.local
antony@ltantony.dsl-verizon.net
antony@ltantony.mysql.com
antony@ltantony.rdg.cyberkinetica.com
antony@ltantony.rdg.cyberkinetica.homeunix.net
antony@ltantony.xiphis.org
arjen@bitbike.com
arjen@co3064164-a.bitbike.com
arjen@fred.bitbike.com
arjen@george.bitbike.com
autotest@mc01.ndb.mysql.com
bar@bar.intranet.mysql.r18.ru
bar@bar.mysql.r18.ru
bar@bar.udmsearch.izhnet.ru
bar@deer.(none)
bar@eagle.intranet.mysql.r18.ru
bar@gw.udmsearch.izhnet.ru
bar@mysql.com
bar@noter.intranet.mysql.r18.ru
bell@51.0.168.192.in-addr.arpa
bell@52.0.168.192.in-addr.arpa
bell@book.sanja.is.com.ua
bell@laptop.sanja.is.com.ua
bell@sanja.is.com.ua
bk@admin.bk
bk@mysql.r18.ru
brian@avenger.(none)
brian@brian-akers-computer.local
brian@private-client-ip-101.oz.net
brian@zim.(none)
carsten@tsort.bitbybit.dk
cps@silver_beast.(none)
davida@isil.mysql.com
dean@mysql.com
dellis@goetia.(none)
dlenev@brandersnatch.localdomain
dlenev@build.mysql.com
dlenev@jabberwock.localdomain
dlenev@mysql.com
ejonore@mc03.ndb.mysql.com
elliot@mysql.com
evgen@moonbone.(none)
evgen@moonbone.local
gbichot@bk-internal.mysql.com
gbichot@production.mysql.com
gbichot@quadita2.mysql.com
gbichot@quadxeon.mysql.com
geert@kriem.kemuri.org
georg@beethoven.local
georg@beethoven.site
georg@lmy002.wdf.sap.corp
gerberb@ou800.zenez.com
gluh@eagle.intranet.mysql.r18.ru
gluh@gluh.(none)
gluh@gluh.mysql.r18.ru
gluh@mysql.com
gordon@zero.local.lan
greg@gcw.ath.cx
greg@mysql.com
guilhem@mysql.com
gweir@build.mysql.com
gweir@work.mysql.com
harrison@mysql.com
harry@corona.lordblink.com
hartmut@mysql.com
heikki@donna.mysql.fi
heikki@hundin.mysql.fi
heikki@rescue.
heikki@work.mysql.com
hf@bison.(none)
hf@bisonxp.(none)
hf@deer.(none)
hf@deer.mysql.r18.ru
hf@genie.(none)
holyfoot@mysql.com
igor@hundin.mysql.fi
igor@igor-inspiron.creware.com
igor@linux.local
igor@rurik.mysql.com
ingo@mysql.com
jan@hundin.mysql.fi
jani@a193-229-222-105.elisa-laajakaista.fi
jani@a193-229-222-2.elisa-laajakaista.fi
jani@a80-186-24-72.elisa-laajakaista.fi
jani@a80-186-41-201.elisa-laajakaista.fi
jani@a80-186-8-224.elisa-laajakaista.fi
jani@dsl-jkl1657.dial.inet.fi
jani@dsl-kpogw4gb5.dial.inet.fi
jani@hynda.(none)
jani@hynda.mysql.fi
jani@ibmlab.site
jani@janikt.pp.saunalahti.fi
jani@linux.local
jani@rhols221.adsl.netsonic.fi
jani@rhols221.arenanet.fi
jani@ua126d19.elisa.omakaista.fi
jani@ua141d10.elisa.omakaista.fi
jani@ua167d18.elisa.omakaista.fi
jani@ua72d24.elisa.omakaista.fi
jcole@abel.spaceapes.com
jcole@main.burghcom.com
jcole@mugatu.jcole.us
jcole@mugatu.spaceapes.com
jcole@sarvik.tfr.cafe.ee
jcole@tetra.spaceapes.com
jimw@mysql.com
joerg@mysql.com
joerg@trift-lap.fambruehe
jon@gigan.
jonas@mysql.com
joreland@bk-internal.mysql.com
joreland@mysql.com
jorge@linux.jorge.mysql.com
jplindst@t41.(none)
kaa@polly.local
kaj@work.mysql.com
kent@mysql.com
konstantin@mysql.com
kosipov@production.mysql.com
kostja@oak.local
lars@mysql.com
lenz@kallisto.mysql.com
lenz@mysql.com
magnus@msdesk.mysql.com
magnus@neptunus.(none)
magnus@shellback.(none)
marko@hundin.mysql.fi
marty@flipper.bredbandsbolaget.se
marty@linux.site
marty@shark.
mats@mysql.com
matt@booty.(none)
matt@mysql.com
matthias@three.local.lan
miguel@hegel.(none)
miguel@hegel.br
miguel@hegel.local
miguel@hegel.txg
miguel@hegel.txg.br
miguel@light.
miguel@light.local
miguel@sartre.local
mikael@mc04.(none)
mikael@orca.ndb.mysql.com
mikron@c-fb0ae253.1238-1-64736c10.cust.bredbandsbolaget.se
mikron@mikael-ronstr-ms-dator.local
mleich@mysql.com
mmatthew@markslaptop.
monty@bitch.mysql.fi
monty@butch.
monty@donna.mysql.fi
monty@hundin.mysql.fi
monty@mashka.(none)
monty@mashka.mysql.fi
monty@mishka.local
monty@mishka.mysql.fi
monty@mysql.com
monty@narttu.
monty@narttu.mysql.fi
monty@rescue.
monty@tik.
monty@tik.mysql.fi
monty@tramp.mysql.fi
monty@work.mysql.com
mronstrom@build.mysql.com
mronstrom@mysql.com
mskold@bk-internal.mysql.com
mskold@mysql.com
msvensson@build.mysql.com
msvensson@neptunus.(none)
msvensson@neptunus.homeip.net
mwagner@cash.mwagner.org
mwagner@evoq.mwagner.org
mwagner@here.mwagner.org
mwagner@mysql.com
mwagner@ultrafly.mysql.com
mwagner@work.mysql.com
mydev@mysql.com
mysql@home.(none)
mysql@mc04.(none)
mysqldev@bk-internal.mysql.com
mysqldev@build.mysql2.com
mysqldev@melody.local
mysqldev@mysql.com
mysqldev@o2k.irixworld.net
ndbdev@dl145b.mysql.com
ndbdev@dl145c.mysql.com
ndbdev@eel.hemma.oreland.se
ndbdev@ndbmaster.mysql.com
ndbdev@shark.
nick@mysql.com
nick@nick.leippe.com
obarnir@mysql.com
papa@gbichot.local
patg@krsna.
patg@krsna.patg.net
patg@patrick-galbraiths-computer.local
patg@patrick.local
patg@pc248.lfp.kcls.org
patg@radha.local
paul@central.snake.net
paul@frost.snake.net
paul@ice.local
paul@ice.snake.net
paul@kite-hub.kitebird.com
paul@snake-hub.snake.net
paul@teton.kitebird.com
pekka@mysql.com
pem@mysql.com
pem@per-erik-martins-dator.local
peter@linux.local
peter@mysql.com
peterg@mysql.com
petr@mysql.com
pgulutzan@linux.local
pmartin@build.mysql2.com
psergey@psergey-rh8.(none)
psergey@psergey.(none)
ram@deer.(none)
ram@gw.mysql.r18.ru
ram@gw.udmsearch.izhnet.ru
ram@mysql.r18.ru
ram@ram-book.(none)
ram@ram.(none)
ramil@mysql.com
ranger@regul.home.lan
rburnett@bk-internal.mysql.com
rburnett@build.mysql.com
reggie@bob.(none)
reggie@mdk10.(none)
reggie@monster.
root@home.(none)
root@mc04.(none)
root@x3.internalnet
salle@banica.(none)
salle@geopard.(none)
salle@geopard.online.bg
salle@vafla.home
salle@vafla.online.bg
sasha@mysql.sashanet.com
schwenke@lmy003.wdf.sap.corp
schwenke@lmy003.xl.local
serg@build.mysql.com
serg@build.mysql2.com
serg@mysql.com
serg@serg.mylan
serg@serg.mysql.com
serg@sergbook.mylan
serg@sergbook.mysql.com
sergefp@mysql.com
shuichi@mysql.com
sinisa@rhols221.adsl.netsonic.fi
stewart@mysql.com
svoj@mysql.com
tfr@beta.frontier86.ee
tfr@indrek.tfr.cafe.ee
tfr@sarvik.tfr.cafe.ee
tim@bitch.mysql.fi
tim@black.box
tim@hundin.mysql.fi
tim@sand.box
tim@siva.hindu.god
tim@threads.polyesthetic.msg
tim@white.box
tim@work.mysql.com
timour@mysql.com
tom@basil-firewall.home.com
tomas@mc05.(none)
tomas@poseidon.(none)
tomas@poseidon.bredbandsbolaget.se
tomas@poseidon.elisa-laajakaista.fi
tomas@poseidon.ndb.mysql.com
tonu@hundin.mysql.fi
tonu@volk.internalnet
tonu@x153.internalnet
tonu@x3.internalnet
tsmith@build.mysql.com
tulin@build.mysql.com
tulin@dl145b.mysql.com
tulin@dl145c.mysql.com
tulin@mysql.com
ulli@morbus.(none)
venu@hundin.mysql.fi
venu@myvenu.com
venu@work.mysql.com
vtkachenko@intelp4d.mysql.com
vtkachenko@mail.mysql.com
vva@eagle.mysql.r18.ru
vva@genie.(none)
vva@mysql.r18.ru
walrus@kishkin.ru
walrus@mysql.com
wax@kishkin.ru
wax@mysql.com
worm@altair.is.lan
zak@balfor.local
zak@linux.local
zak@mysql.com
zgreant@mysql.com
